{"cameraMode":{"drawMode":0,"name":"Shaded","section":"Shading Mode"},"sceneLighting":true,"audioPlay":false,"sceneViewState":{"m_AlwaysRefresh":false,"showFog":true,"showSkybox":true,"showFlares":true,"showImageEffects":true,"showParticleSystems":true,"showVisualEffectGraphs":true,"m_FxEnabled":true},"in2DMode":false,"pivot":{"x":0.11026477813720703,"y":0.902432918548584,"z":-2.5462093353271486},"rotation":{"x":0.43953007459640505,"y":-0.2661033868789673,"z":0.13813771307468415,"w":0.8467176556587219},"size":3.2796547412872316,"orthographic":false}